{
  "lang":"si",
  "name":"pipeline",
  "version":"0.0.0",
  "spacy_version":">=3.8.2,<3.9.0",
  "description":"",
  "author":"",
  "email":"",
  "url":"",
  "license":"",
  "spacy_git_version":"63f1b53",
  "vectors":{
    "width":0,
    "vectors":0,
    "keys":0,
    "name":null,
    "mode":"default"
  },
  "labels":{
    "tok2vec":[

    ],
    "ner":[
      "CARDINAL",
      "DATE",
      "EVENT",
      "FAC",
      "GPE",
      "LANGUAGE",
      "LAW",
      "LOC",
      "MONEY",
      "NORP",
      "ORDINAL",
      "ORG",
      "PERCENT",
      "PERSON",
      "PRODUCT",
      "QUANTITY",
      "TIME",
      "WORK_OF_ART"
    ]
  },
  "pipeline":[
    "tok2vec",
    "ner"
  ],
  "components":[
    "tok2vec",
    "ner"
  ],
  "disabled":[

  ],
  "performance":{
    "ents_f":0.980369515,
    "ents_p":0.9837775203,
    "ents_r":0.9769850403,
    "ents_per_type":{
      "NORP":{
        "p":0.9833333333,
        "r":0.9291338583,
        "f":0.955465587
      },
      "PERSON":{
        "p":0.9809725159,
        "r":0.9872340426,
        "f":0.9840933192
      },
      "PRODUCT":{
        "p":1.0,
        "r":1.0,
        "f":1.0
      },
      "CARDINAL":{
        "p":0.8125,
        "r":1.0,
        "f":0.8965517241
      },
      "FAC":{
        "p":1.0,
        "r":0.9772727273,
        "f":0.9885057471
      },
      "GPE":{
        "p":0.9851851852,
        "r":0.9851851852,
        "f":0.9851851852
      },
      "DATE":{
        "p":0.9900990099,
        "r":1.0,
        "f":0.9950248756
      },
      "LOC":{
        "p":0.9838709677,
        "r":0.9838709677,
        "f":0.9838709677
      },
      "ORG":{
        "p":0.9838709677,
        "r":0.9918699187,
        "f":0.987854251
      },
      "QUANTITY":{
        "p":1.0,
        "r":0.9285714286,
        "f":0.962962963
      },
      "ORDINAL":{
        "p":1.0,
        "r":0.9125,
        "f":0.954248366
      },
      "LAW":{
        "p":0.990990991,
        "r":0.9821428571,
        "f":0.9865470852
      },
      "EVENT":{
        "p":0.9836065574,
        "r":0.9523809524,
        "f":0.9677419355
      },
      "TIME":{
        "p":1.0,
        "r":1.0,
        "f":1.0
      },
      "PERCENT":{
        "p":1.0,
        "r":1.0,
        "f":1.0
      },
      "LANGUAGE":{
        "p":1.0,
        "r":1.0,
        "f":1.0
      },
      "WORK_OF_ART":{
        "p":1.0,
        "r":1.0,
        "f":1.0
      },
      "MONEY":{
        "p":0.989010989,
        "r":0.989010989,
        "f":0.989010989
      }
    },
    "tok2vec_loss":619.1185354754,
    "ner_loss":335.4770202637
  }
}